"County","Sector","2022","2021","2020","2019","2018","2017","2016","2015","2014","2013","2012","2011","2010","2009","2008","2007","2006","2005","2004","2003","2002","2001","2000","Total Usage"
"ALAMEDA","Non-Residential","    7199.918113","    6925.652558","    6916.778587","    7882.111065","    7597.929941","    8064.826133","    7839.027917","    7314.082970","    7371.228678","    7597.603363","    7550.324307","    7926.453151","    7673.092470","    7316.103923","    8155.446566","    8745.368426","    8045.805586","    8029.370660","    7762.513529","    7651.897620","    7613.365033","    7443.365995","    7736.055471","  176358.322062"
"ALAMEDA","Residential","    3195.466282","    3199.260620","    3305.871703","    3010.402237","    2944.754452","    2991.113738","    2917.791561","    2893.812078","    2891.659740","    2985.032380","    2998.977641","    3023.685951","    3020.404214","    3015.756941","    2995.663532","    2971.594216","    3118.211648","    3025.225113","    2897.754342","    2937.018704","    2811.571345","    2745.204109","    2926.105041","   68822.337588"
"ALAMEDA","Total","   10395.384395","   10124.913178","   10222.650290","   10892.513302","   10542.684394","   11055.939871","   10756.819478","   10207.895048","   10262.888418","   10582.635742","   10549.301948","   10950.139101","   10693.496684","   10331.860864","   11151.110098","   11716.962642","   11164.017234","   11054.595774","   10660.267872","   10588.916324","   10424.936379","   10188.570104","   10662.160512","  245180.659652"
"ALPINE","Non-Residential","       7.849272","       7.878632","       8.281124","       8.834244","       9.295662","       9.026639","       8.124741","       4.354396","       4.008389","       4.752038","       4.590161","       5.199864","       5.203784","       5.234789","       9.368614","      10.685739","       9.377073","       9.132023","       9.431229","       5.112883","       4.671739","       5.081493","       5.159971","     160.654499"
"ALPINE","Residential","       9.597056","      10.072240","      10.250051","      10.307842","       9.599419","      10.060395","       9.347109","      11.907550","      12.027282","      13.472507","       9.339533","       9.123026","      12.471469","      13.046053","       8.916510","       9.336839","       9.543385","       8.097079","       9.002608","       6.358662","       6.721208","       6.858448","       6.247035","     221.703306"
"ALPINE","Total","      17.446328","      17.950872","      18.531175","      19.142086","      18.895080","      19.087034","      17.471850","      16.261946","      16.035672","      18.224544","      13.929694","      14.322890","      17.675253","      18.280841","      18.285124","      20.022577","      18.920459","      17.229102","      18.433837","      11.471545","      11.392946","      11.939940","      11.407006","     382.357801"
"AMADOR","Non-Residential","     197.616494","     202.639069","     194.991369","     175.982808","     163.133751","     169.615298","     173.880395","     152.103462","     155.928143","     170.516052","     180.430702","     169.589641","     175.356186","     183.671301","     187.806853","     179.824177","     165.108359","     160.652747","     165.129804","     142.213818","     135.648466","     184.203109","     234.808988","    4020.850992"
"AMADOR","Residential","     151.480585","     153.267904","     150.110436","     136.944614","     135.997098","     142.849046","     134.991282","     132.545210","     134.513529","     139.319651","     140.910645","     140.105259","     139.778073","     142.780381","     143.987195","     142.548308","     142.507651","     134.404073","     135.633939","     129.154833","     126.438783","     121.404776","     127.238094","    3178.911365"
"AMADOR","Total","     349.097079","     355.906973","     345.101805","     312.927422","     299.130849","     312.464344","     308.871678","     284.648672","     290.441672","     309.835703","     321.341347","     309.694900","     315.134258","     326.451683","     331.794048","     322.372485","     307.616010","     295.056820","     300.763743","     271.368651","     262.087249","     305.607886","     362.047082","    7199.762359"
"BUTTE","Non-Residential","     715.487325","     791.701933","     636.772661","     729.750049","     750.835547","     764.452962","     755.623978","     773.874551","     762.204239","     764.900680","     759.819694","     700.346790","     690.200059","     707.640106","     731.310253","     786.087489","     706.213072","     659.736364","     683.142462","     660.939740","     706.442105","     643.420371","     858.737526","   16739.639956"
"BUTTE","Residential","     729.248698","     736.114349","     732.338057","     657.739776","     716.471589","     759.316939","     720.607487","     712.330522","     719.038103","     729.842250","     738.777540","     725.624398","     718.727343","     731.416629","     723.877563","     714.959767","     708.445315","     685.899633","     689.731306","     658.681627","     638.648009","     604.699033","     705.766172","   16258.302105"
"BUTTE","Total","    1444.736022","    1527.816282","    1369.110719","    1387.489824","    1467.307136","    1523.769901","    1476.231464","    1486.205073","    1481.242342","    1494.742930","    1498.597234","    1425.971188","    1408.927402","    1439.056735","    1455.187815","    1501.047256","    1414.658387","    1345.635996","    1372.873769","    1319.621367","    1345.090114","    1248.119405","    1564.503698","   32997.942059"
"CALAVERAS","Non-Residential","     106.057981","     129.363216","     123.916863","     126.211273","     130.563671","     133.484159","     118.112646","     120.355501","     127.070716","     126.868730","     125.063020","     125.662269","     117.952709","     122.320247","     119.266585","     122.175308","     123.206487","     119.889122","      99.087106","      94.780181","      97.364260","      86.515141","      81.848138","    2677.135329"
"CALAVERAS","Residential","     219.858248","     225.746964","     220.570104","     201.015067","     201.206407","     213.797298","     197.703137","     191.131348","     192.507301","     199.711139","     201.499609","     200.505154","     198.027991","     201.999249","     200.693209","     199.927014","     195.024486","     187.928207","     189.245629","     177.245135","     175.352321","     168.844087","     173.578409","    4533.117513"
"CALAVERAS","Total","     325.916229","     355.110180","     344.486967","     327.226340","     331.770078","     347.281456","     315.815783","     311.486849","     319.578017","     326.579869","     326.562629","     326.167424","     315.980700","     324.319496","     319.959794","     322.102322","     318.230973","     307.817328","     288.332735","     272.025316","     272.716581","     255.359228","     255.426547","    7210.252841"
"COLUSA","Non-Residential","     241.444275","     263.457556","     248.714355","     223.222177","     234.578116","     225.891862","     232.914859","     242.493710","     239.490955","     233.081906","     214.110631","     206.266568","     192.390785","     199.269978","     192.249340","     185.926792","     182.846037","     184.336913","     175.036441","     163.111146","     198.647619","     196.950031","     184.207127","    4860.639179"
"COLUSA","Residential","      72.936715","      72.395559","      72.839839","      66.420783","      65.035489","      68.023322","      64.544550","      64.196520","      64.743175","      64.763556","      65.604567","      64.325754","      63.392041","      65.570483","      64.232471","      64.172414","      64.981786","      63.460312","      59.627975","      58.220140","      54.712894","      53.398152","      56.692548","    1474.291045"
"COLUSA","Total","     314.380989","     335.853115","     321.554194","     289.642960","     299.613605","     293.915184","     297.459409","     306.690230","     304.234130","     297.845462","     279.715199","     270.592323","     255.782826","     264.840460","     256.481811","     250.099207","     247.827822","     247.797225","     234.664416","     221.331286","     253.360513","     250.348184","     240.899676","    6334.930226"
"CONTRA COSTA","Non-Residential","    5238.950492","    5117.538198","    5404.664807","    6811.034395","    6497.529672","    6841.679386","    6874.986183","    6772.730756","    6845.286206","    6355.784540","    6323.685999","    6347.168411","    6374.101665","    6298.212402","    6561.991670","    5849.111859","    5922.941186","    5832.759859","    5880.476199","    5704.529269","    5547.775810","    5858.675761","    5832.961626","  141094.576351"
"CONTRA COSTA","Residential","    3098.885075","    3085.023163","    3198.711109","    2869.999515","    2792.310848","    2877.213463","    2745.451954","    2725.448522","    2728.252990","    2764.105738","    2766.376861","    2749.677885","    2732.419358","    2787.174427","    2784.708871","    2738.150529","    2745.060653","    2661.622512","    2649.648423","    2539.906239","    2484.671254","    2371.230318","    2636.957617","   63533.007324"
"CONTRA COSTA","Total","    8337.835566","    8202.561361","    8603.375915","    9681.033911","    9289.840520","    9718.892849","    9620.438137","    9498.179277","    9573.539196","    9119.890277","    9090.062860","    9096.846296","    9106.521023","    9085.386829","    9346.700540","    8587.262387","    8668.001839","    8494.382371","    8530.124622","    8244.435509","    8032.447064","    8229.906080","    8469.919242","  204627.583671"
"DEL NORTE","Non-Residential","      88.271388","      87.656222","      86.907113","      93.048179","      92.766328","      94.109424","      92.323647","      95.714528","      93.270024","      99.438911","      99.980962","     105.819887","     108.209254","     108.417913","     113.254197","     121.662221","     108.669652","     106.892357","     112.771936","      98.687201","     100.219477","     105.214511","     122.873881","    2336.179213"
"DEL NORTE","Residential","     126.862142","     124.640141","     118.606891","     117.225177","     114.303522","     122.839463","     112.393194","     116.176614","     110.153354","     126.573696","     127.777822","     132.204445","     133.519110","     132.959034","     136.508596","     133.579670","     127.833022","     122.831577","     121.909010","     121.608702","     117.067626","     114.904332","     113.613677","    2826.090817"
"DEL NORTE","Total","     215.133530","     212.296363","     205.514004","     210.273356","     207.069851","     216.948886","     204.716840","     211.891142","     203.423378","     226.012607","     227.758784","     238.024332","     241.728364","     241.376947","     249.762793","     255.241891","     236.502674","     229.723934","     234.680946","     220.295903","     217.287103","     220.118843","     236.487557","    5162.270028"
"EL DORADO","Non-Residential","     447.517751","     452.161742","     435.577452","     465.614283","     469.162055","     479.171435","     460.011208","     448.873536","     468.620444","     485.172111","     487.963462","     480.545422","     476.418729","     498.127876","     515.074301","     514.718511","     519.431146","     475.073959","     442.058719","     419.716996","     458.928107","     478.336821","     474.338387","   10852.614453"
"EL DORADO","Residential","     811.981517","     810.775631","     809.393863","     750.309906","     740.409732","     771.926422","     747.581096","     719.236143","     719.745652","     755.304567","     764.057892","     762.049832","     762.843040","     769.810820","     771.210699","     760.390049","     759.966845","     731.814851","     723.208839","     689.429649","     665.896895","     635.356355","     659.091918","   17091.792213"
"EL DORADO","Total","    1259.499268","    1262.937373","    1244.971315","    1215.924189","    1209.571787","    1251.097857","    1207.592304","    1168.109679","    1188.366096","    1240.476677","    1252.021354","    1242.595254","    1239.261768","    1267.938695","    1286.284999","    1275.108560","    1279.397992","    1206.888809","    1165.267557","    1109.146645","    1124.825002","    1113.693176","    1133.430305","   27944.406661"
"FRESNO","Non-Residential","    5213.943312","    5142.848527","    4874.578960","    4642.219600","    4865.871372","    4599.053617","    4921.728893","    4969.061234","    4936.629841","    4773.282987","    4634.307896","    4254.965410","    4318.821316","    4423.610380","    4532.998053","    4550.704114","    3988.033580","    3932.310417","    4199.107543","    3969.553592","    4203.750855","    4107.525754","    4114.528441","  104169.435694"
"FRESNO","Residential","    3170.465375","    3128.776802","    3061.363395","    2728.537461","    2709.039723","    2762.162188","    2633.564950","    2650.085188","    2689.019456","    2685.852206","    2703.606601","    2589.130948","    2544.956565","    2614.766256","    2550.748780","    2521.992516","    2489.891782","    2376.924693","    2351.200391","    2299.191513","    2157.115321","    2082.556316","    2280.807047","   59781.755473"
"FRESNO","Total","    8384.408687","    8271.625329","    7935.942355","    7370.757061","    7574.911095","    7361.215806","    7555.293843","    7619.146422","    7625.649298","    7459.135192","    7337.914497","    6844.096358","    6863.777882","    7038.376636","    7083.746833","    7072.696630","    6477.925361","    6309.235110","    6550.307934","    6268.745105","    6360.866176","    6190.082070","    6395.335488","  163951.191168"
"GLENN","Non-Residential","     392.984589","     377.829835","     322.403285","     298.753372","     312.990456","     295.715651","     275.017462","     293.442363","     289.292784","     256.303746","     213.193892","     202.668135","     205.733112","     210.689579","     237.181488","     260.134764","     288.144050","     271.288684","     329.781168","     271.842726","     401.663116","     305.576004","     275.703534","    6588.333795"
"GLENN","Residential","     102.341869","     105.330254","     105.211199","      95.488127","      92.342806","      95.810130","      90.962445","      90.320837","      91.587118","      92.971307","      93.805893","      91.881664","      91.077478","      93.492668","      92.055721","      91.000702","      91.693641","      89.338115","      87.483011","      85.006190","      83.136336","      79.871763","      85.039992","    2117.249266"
"GLENN","Total","     495.326459","     483.160090","     427.614484","     394.241499","     405.333262","     391.525782","     365.979907","     383.763200","     380.879902","     349.275053","     306.999785","     294.549799","     296.810590","     304.182247","     329.237208","     351.135466","     379.837691","     360.626798","     417.264180","     356.848915","     484.799452","     385.447767","     360.743525","    8705.583061"
"HUMBOLDT","Non-Residential","     419.005719","     427.835997","     419.837990","     428.553557","     427.201101","     427.385768","     436.539105","     433.771574","     444.060542","     448.770894","     433.890324","     438.957163","     447.683706","     445.094823","     570.056107","     628.431952","     640.945038","     601.476672","     623.546259","     602.085268","     648.360604","     668.765629","     742.951048","   11805.206840"
"HUMBOLDT","Residential","     355.284228","     382.818989","     382.440416","     361.320310","     371.858861","     396.031544","     399.071667","     390.158199","     396.071690","     441.992762","     465.928707","     476.438186","     479.041257","     462.123119","     440.400012","     416.936025","     381.027131","     359.139099","     337.979195","     315.480542","     308.810024","     296.908034","     310.707234","    8927.967231"
"HUMBOLDT","Total","     774.289947","     810.654986","     802.278406","     789.873867","     799.059962","     823.417312","     835.610772","     823.929774","     840.132232","     890.763656","     899.819031","     915.395349","     926.724962","     907.217942","    1010.456119","    1045.367978","    1021.972169","     960.615771","     961.525454","     917.565809","     957.170628","     965.673662","    1053.658282","   20733.174070"
"IMPERIAL","Non-Residential","     890.667882","     860.542172","     812.834663","     837.181853","     831.268715","     817.520066","     895.904650","     885.575376","     910.368661","     919.919237","     931.086273","     915.291349","     894.651266","     912.476118","     961.405762","     881.627556","     908.917696","     936.014062","     948.427988","     912.367114","     810.702212","     869.703226","     721.711678","   20266.165575"
"IMPERIAL","Residential","     612.710621","     599.520072","     649.404587","     576.695447","     635.615884","     627.149204","     544.016026","     533.641907","     535.858159","     530.214481","     539.171499","     513.745081","     497.725270","     513.992295","     502.099765","     522.019378","     527.356760","     486.204410","     478.098322","     476.965329","     445.546523","     464.963026","     370.534379","   12183.248425"
"IMPERIAL","Total","    1503.378504","    1460.062243","    1462.239250","    1413.877300","    1466.884599","    1444.669270","    1439.920676","    1419.217283","    1446.226820","    1450.133719","    1470.257772","    1429.036429","    1392.376536","    1426.468413","    1463.505527","    1403.646934","    1436.274456","    1422.218472","    1426.526310","    1389.332443","    1256.248736","    1334.666253","    1092.246057","   32449.414002"
"INYO","Non-Residential","     144.657705","     139.991294","     137.982358","     146.500109","     147.898322","     142.599014","     164.258752","     147.915004","     151.236798","     170.774165","     177.725736","     178.051442","     170.274324","     171.216399","     154.903613","     159.551948","     166.419698","     165.694108","     175.855427","     165.564309","     174.035901","     172.518465","     179.985939","    3705.610830"
"INYO","Residential","      65.407894","      65.006132","      65.663339","      60.312746","      57.844451","      58.637347","      62.477278","      57.019594","      60.816525","      60.167335","      60.813390","      57.645907","      57.630535","      58.234344","      54.850053","      56.786080","      52.923641","      56.396263","      57.015685","      49.435397","      49.334056","      48.276932","      50.570005","    1323.264929"
"INYO","Total","     210.065599","     204.997426","     203.645696","     206.812856","     205.742773","     201.236361","     226.736030","     204.934598","     212.053323","     230.941500","     238.539126","     235.697350","     227.904860","     229.450742","     209.753666","     216.338028","     219.343338","     222.090371","     232.871111","     214.999706","     223.369957","     220.795397","     230.555944","    5028.875758"
"KERN","Non-Residential","   12096.055522","   12271.004281","   12284.799923","   14863.100007","   13584.446203","   16186.578282","   14261.405682","   12893.603151","   11979.100601","   12737.923373","   14388.141471","   13795.028062","   12843.556454","   12255.936534","   13289.819272","   15141.124592","   14385.633111","   12964.816807","   14661.553352","   13090.564362","   12603.319998","   11066.910919","    9668.174770","  303312.596729"
"KERN","Residential","    2764.795952","    2695.655395","    2612.106261","    2324.806016","    2329.730534","    2321.736759","    2240.532562","    2246.075992","    2293.710146","    2268.880550","    2273.567750","    2140.934747","    2095.454206","    2171.295932","    2146.825342","    2091.568996","    2052.701850","    1973.008585","    1865.578208","    1832.013501","    1677.610340","    1635.056843","    1714.095770","   49767.742237"
"KERN","Total","   14860.851474","   14966.659676","   14896.906184","   17187.906023","   15914.176737","   18508.315041","   16501.938244","   15139.679143","   14272.810747","   15006.803923","   16661.709220","   15935.962809","   14939.010660","   14427.232465","   15436.644614","   17232.693588","   16438.334960","   14937.825392","   16527.131561","   14922.577863","   14280.930338","   12701.967763","   11382.270540","  353080.338965"
"KINGS","Non-Residential","    1565.900037","    1558.550060","    1444.181484","    1230.827477","    1396.738857","    1131.964814","    1420.869787","    1401.946895","    1434.602551","    1416.724434","    1313.750156","    1068.746654","    1104.050094","    1220.546234","    1137.083935","    1077.024505","    1032.187923","     985.141474","    1011.404429","     763.557326","     688.776033","     640.814277","     643.209937","   26688.599373"
"KINGS","Residential","     451.216891","     440.664524","     430.985805","     387.032489","     374.143986","     378.843072","     364.219677","     367.258666","     376.607012","     371.362238","     369.118379","     354.552022","     348.670063","     364.874921","     358.870110","     346.764263","     355.545067","     330.185035","     326.268432","     313.895316","     291.759269","     283.642465","     291.393185","    8277.872887"
"KINGS","Total","    2017.116928","    1999.214584","    1875.167289","    1617.859966","    1770.882842","    1510.807886","    1785.089464","    1769.205561","    1811.209563","    1788.086672","    1682.868535","    1423.298676","    1452.720157","    1585.421155","    1495.954045","    1423.788768","    1387.732990","    1315.326509","    1337.672861","    1077.452641","     980.535302","     924.456742","     934.603122","   34966.472258"
"LAKE","Non-Residential","     147.460711","     152.091682","     150.332316","     162.534701","     162.578538","     169.237897","     158.955541","     154.867852","     156.087139","     167.807561","     164.305772","     161.109240","     159.994719","     163.805229","     170.959011","     169.676585","     384.003675","     365.055636","     286.967201","     291.986545","     217.751838","     209.266120","     180.258255","    4507.093764"
"LAKE","Residential","     300.149972","     320.664432","     308.342350","     280.163251","     279.143872","     294.899122","     281.919504","     275.929444","     285.155797","     302.218253","     302.096470","     298.184884","     294.323940","     289.200128","     284.644892","     275.086723","     269.119553","     259.111477","     256.929100","     243.765124","     244.735788","     237.516807","     243.296674","    6426.597557"
"LAKE","Total","     447.610683","     472.756114","     458.674666","     442.697952","     441.722410","     464.137019","     440.875045","     430.797297","     441.242936","     470.025814","     466.402241","     459.294124","     454.318659","     453.005357","     455.603903","     444.763308","     653.123229","     624.167113","     543.896301","     535.751670","     462.487627","     446.782928","     423.554929","   10933.691325"
"LASSEN","Non-Residential","     222.763515","     250.750438","     270.290465","     268.850906","     274.975406","     283.477766","     322.480847","     268.417492","     301.204290","     292.963760","     278.088749","     273.889413","     254.613768","     285.806589","     157.543524","     149.038617","     184.401874","     184.685297","     189.128716","     162.227310","     159.274479","     161.797258","     135.133659","    5331.804138"
"LASSEN","Residential","     108.176045","     105.784882","     105.164014","     102.362700","     100.901112","     102.439122","      99.877654","      95.081943","      94.380980","     104.535881","     102.349358","     103.710030","     104.860131","     106.519049","     107.041634","     104.115260","     106.148601","     105.258146","     102.440584","      99.290481","      97.276737","      94.630059","     103.681384","    2356.025787"
"LASSEN","Total","     330.939559","     356.535319","     375.454478","     371.213606","     375.876518","     385.916889","     422.358502","     363.499434","     395.585269","     397.499641","     380.438107","     377.599443","     359.473899","     392.325638","     264.585159","     253.153877","     290.550475","     289.943443","     291.569300","     261.517791","     256.551216","     256.427317","     238.815043","    7687.829923"
"LOS ANGELES","Non-Residential","   45229.473269","   43910.863762","   42662.549138","   46054.256351","   47310.935712","   47918.358229","   49064.057276","   49017.126012","   49109.504600","   47662.083093","   48088.376195","   48051.267464","   48463.619579","   49286.463090","   50892.997306","   50649.437203","   50504.252810","   50240.179625","   49673.181158","   49440.672508","   49790.073191","   51528.189729","   50512.663145"," 1115060.580445"
"LOS ANGELES","Residential","   23255.483011","   22092.422125","   22903.703383","   20687.720061","   20523.189905","   20673.082693","   20300.465186","   20443.492211","   20750.280554","   20618.154631","   21079.238317","   20064.338436","   19720.664905","   20590.348212","   21116.871820","   20536.738998","   20376.229266","   19709.563465","   19505.715096","   19055.877024","   17917.722325","   18212.449645","   18891.468061","  469025.219330"
"LOS ANGELES","Total","   68484.956280","   66003.285887","   65566.252521","   66741.976412","   67834.125617","   68591.440922","   69364.522462","   69460.618222","   69859.785154","   68280.237724","   69167.614512","   68115.605900","   68184.284484","   69876.811302","   72009.869126","   71186.176200","   70880.482075","   69949.743091","   69178.896254","   68496.549532","   67707.795517","   69740.639374","   69404.131206"," 1584085.799774"
"MADERA","Non-Residential","    1303.166419","    1303.558318","    1261.369542","    1151.870011","    1227.584960","    1143.048207","    1169.835977","    1275.540417","    1234.006702","    1147.745860","    1099.652530","     971.527496","     970.418807","    1018.548904","    1008.863800","     963.420037","     789.918828","     769.088902","     816.746906","     732.597231","     792.930526","     781.519181","     770.836849","   23703.796410"
"MADERA","Residential","     505.062629","     496.650246","     480.178161","     429.331485","     425.990887","     436.212152","     418.044018","     418.339456","     424.328022","     428.955280","     430.270233","     415.409920","     408.413119","     415.120294","     411.100887","     408.061590","     399.807147","     381.254279","     373.171181","     361.659020","     336.165159","     324.818060","     339.663850","    9468.007075"
"MADERA","Total","    1808.229048","    1800.208564","    1741.547704","    1581.201497","    1653.575848","    1579.260359","    1587.879994","    1693.879873","    1658.334724","    1576.701139","    1529.922763","    1386.937416","    1378.831926","    1433.669199","    1419.964687","    1371.481627","    1189.725975","    1150.343180","    1189.918087","    1094.256251","    1129.095686","    1106.337242","    1110.500699","   33171.803488"
"MARIN","Non-Residential","     618.916795","     622.918340","     626.508356","     692.874596","     677.776197","     722.036970","     687.611028","     698.994404","     699.216051","     708.501114","     698.910924","     705.050594","     721.594882","     751.678851","     759.429733","     740.506523","     721.236797","     713.002355","     740.086320","     723.997123","     763.804508","     733.622717","     789.230977","   16317.506155"
"MARIN","Residential","     674.448167","     671.850905","     694.090483","     651.897959","     642.573880","     654.695934","     648.291816","     649.733343","     650.901042","     682.979628","     688.244143","     700.870657","     701.590719","     707.299715","     703.566936","     704.028050","     704.650133","     689.298907","     687.415427","     660.464899","     659.733321","     638.303833","     701.193508","   15568.123405"
"MARIN","Total","    1293.364962","    1294.769246","    1320.598839","    1344.772555","    1320.350078","    1376.732904","    1335.902845","    1348.727748","    1350.117093","    1391.480742","    1387.155067","    1405.921251","    1423.185601","    1458.978565","    1462.996669","    1444.534573","    1425.886931","    1402.301262","    1427.501747","    1384.462022","    1423.537829","    1371.926550","    1490.424485","   31885.629564"
"MARIPOSA","Non-Residential","      39.071358","      37.691853","      36.007178","      39.068573","      43.737744","      40.407912","      38.775967","      39.153974","      41.179105","      41.497946","      40.674668","      39.131746","      39.661919","      47.187079","      58.002816","      55.030016","      38.341394","      36.031952","      38.345101","      39.991796","      41.883410","      43.139677","      42.424848","     956.438032"
"MARIPOSA","Residential","      75.392638","      77.613310","      75.066788","      70.021203","      68.951521","      70.929664","      68.831429","      67.379260","      68.458559","      71.602084","      72.195713","      71.755257","      72.444714","      72.772752","      73.008462","      72.430741","      69.955742","      67.388879","      67.753757","      64.982288","      62.767253","      61.516222","      64.727849","    1607.946085"
"MARIPOSA","Total","     114.463997","     115.305164","     111.073966","     109.089775","     112.689265","     111.337576","     107.607396","     106.533234","     109.637664","     113.100030","     112.870380","     110.887003","     112.106633","     119.959831","     131.011278","     127.460757","     108.297136","     103.420831","     106.098858","     104.974084","     104.650663","     104.655899","     107.152697","    2564.384117"
"MENDOCINO","Non-Residential","     272.596759","     290.944107","     278.840739","     273.013902","     275.240257","     279.437384","     276.762620","     272.951994","     268.797225","     268.706681","     268.652657","     266.000963","     260.474016","     261.621828","     278.481658","     282.704279","     396.838399","     406.299037","     287.253205","     279.511500","     295.777576","     308.960249","     358.109085","    6707.976120"
"MENDOCINO","Residential","     270.183757","     302.760365","     302.066606","     287.571146","     289.686817","     306.005325","     301.009892","     294.301466","     295.619823","     324.806117","     333.374545","     337.549087","     339.979947","     340.398508","     338.795295","     331.129446","     314.087294","     295.375360","     284.855542","     265.301058","     264.138216","     256.274877","     279.360665","    6954.631154"
"MENDOCINO","Total","     542.780516","     593.704471","     580.907345","     560.585048","     564.927074","     585.442709","     577.772512","     567.253460","     564.417049","     593.512798","     602.027202","     603.550050","     600.453963","     602.020336","     617.276953","     613.833725","     710.925693","     701.674398","     572.108747","     544.812559","     559.915792","     565.235125","     637.469750","   13662.607275"
"MERCED","Non-Residential","    2353.550069","    2209.539174","    2427.098018","    2985.638563","    2845.910265","    3233.912812","    2762.981651","    2216.080336","    2301.061580","    2358.295481","    2600.797078","    2979.877063","    2738.910157","    2066.264650","    2055.491025","    3009.273773","    2153.379833","    2275.224050","    2470.127823","    2264.498653","    2388.297049","    2265.793743","    2326.722409","   57288.725255"
"MERCED","Residential","     831.904509","     826.699287","     807.083605","     711.739433","     707.869286","     733.529103","     699.878627","     704.773367","     719.127003","     698.827781","     705.311740","     678.280882","     659.304447","     678.055129","     670.205497","     659.255105","     655.732473","     621.944182","     613.549387","     593.890934","     563.557003","     540.124561","     556.600636","   15637.243977"
"MERCED","Total","    3185.454578","    3036.238461","    3234.181623","    3697.377996","    3553.779551","    3967.441915","    3462.860278","    2920.853703","    3020.188583","    3057.123262","    3306.108818","    3658.157946","    3398.214604","    2744.319779","    2725.696523","    3668.528878","    2809.112306","    2897.168232","    3083.677210","    2858.389586","    2951.854052","    2805.918304","    2883.323045","   72925.969233"
"MODOC","Non-Residential","     110.584514","     119.312197","     106.672053","      87.000623","      91.472318","      93.159013","      95.287159","     110.470968","     114.415673","     108.004704","     106.447391","      87.876623","      93.743419","      97.685655","      97.823177","      87.753975","     101.258056","      95.925456","      95.225146","     112.642497","     106.295988","     108.410231","     109.576587","    2337.043423"
"MODOC","Residential","      62.919794","      61.300614","      58.666739","      58.243840","      57.513603","      59.660008","      56.818476","      54.208798","      53.527101","      61.104554","      57.507254","      61.391240","      60.300510","      61.354571","      63.026113","      58.710808","      59.044041","      57.577305","      56.453333","      56.767659","      55.363948","      53.733110","      55.575865","    1340.769284"
"MODOC","Total","     173.504307","     180.612810","     165.338792","     145.244463","     148.985921","     152.819021","     152.105635","     164.679766","     167.942774","     169.109259","     163.954645","     149.267863","     154.043929","     159.040226","     160.849290","     146.464782","     160.302097","     153.502761","     151.678479","     169.410156","     161.659936","     162.143341","     165.152453","    3677.812706"
"MONO","Non-Residential","     117.269990","     114.678766","     107.768973","     112.588553","     112.176868","     109.001191","     104.624595","     109.696142","     103.895052","     105.540010","     103.220056","     109.129202","     106.848820","     108.674519","     107.158338","      87.818503","      91.089757","     100.751826","     102.595539","      75.240664","      59.018998","      50.321903","      54.999755","    2254.108020"
"MONO","Residential","      96.113933","      92.060521","      92.276859","      99.033023","      84.844592","      90.485322","      84.855346","      78.964069","      87.711881","      98.897934","      93.738901","      95.721156","      94.320231","      91.006327","      92.553427","      97.771754","      83.820818","      94.848178","      92.487274","      88.218127","      86.704363","      86.207591","      91.895434","    2094.537061"
"MONO","Total","     213.383923","     206.739287","     200.045832","     211.621577","     197.021459","     199.486513","     189.479941","     188.660211","     191.606934","     204.437944","     196.958957","     204.850358","     201.169051","     199.680846","     199.711765","     185.590257","     174.910575","     195.600004","     195.082813","     163.458791","     145.723362","     136.529493","     146.895189","    4348.645082"
"MONTEREY","Non-Residential","    1778.482687","    1760.551822","    1683.023019","    1784.308597","    1798.161984","    1875.887714","    1873.675027","    1971.611817","    1918.829812","    1902.683408","    1819.768497","    1834.440443","    1830.785466","    1865.419982","    1885.255310","    1840.516042","    1827.700445","    1837.972842","    1894.047405","    1888.816809","    1873.321511","    1812.776267","    1781.465014","   42339.501920"
"MONTEREY","Residential","     711.986059","     720.396773","     729.719862","     686.923914","     680.435542","     682.317389","     685.770435","     681.236918","     684.526972","     722.505470","     728.632978","     732.822358","     734.004507","     731.086433","     731.151297","     741.557983","     728.509929","     715.501065","     724.956775","     707.442229","     693.572888","     684.045494","     720.999155","   16360.102425"
"MONTEREY","Total","    2490.468746","    2480.948594","    2412.742881","    2471.232510","    2478.597525","    2558.205103","    2559.445462","    2652.848734","    2603.356783","    2625.188878","    2548.401475","    2567.262801","    2564.789973","    2596.506415","    2616.406607","    2582.074024","    2556.210373","    2553.473907","    2619.004180","    2596.259037","    2566.894399","    2496.821761","    2502.464169","   58699.604337"
"NAPA","Non-Residential","     642.935559","     623.599275","     625.736941","     665.453551","     659.997026","     675.567332","     680.296010","     673.555809","     666.509350","     663.850929","     649.652493","     642.000915","     630.027520","     629.290102","     646.426033","     620.315130","     594.411670","     569.167967","     574.440186","     563.229801","     559.301911","     541.224467","     589.358139","   14386.348116"
"NAPA","Residential","     386.178414","     371.761675","     392.844965","     365.542934","     358.089641","     368.715603","     359.896851","     361.215807","     363.712067","     374.170386","     373.609098","     374.103130","     375.907805","     381.168132","     378.772699","     377.477756","     386.526257","     370.125911","     363.197139","     354.810444","     340.491959","     325.803771","     349.180530","    8453.302974"
"NAPA","Total","    1029.113973","     995.360950","    1018.581906","    1030.996486","    1018.086667","    1044.282935","    1040.192862","    1034.771616","    1030.221416","    1038.021316","    1023.261591","    1016.104044","    1005.935324","    1010.458234","    1025.198733","     997.792886","     980.937927","     939.293878","     937.637325","     918.040244","     899.793870","     867.028238","     938.538669","   22839.651090"
"NEVADA","Non-Residential","     259.792098","     254.413558","     248.292451","     262.952532","     268.528160","     270.855398","     226.734507","     220.997782","     226.396739","     235.103844","     234.703987","     232.305476","     229.820175","     235.447769","     245.868688","     240.902492","     237.570489","     229.117461","     226.654035","     216.464005","     232.927498","     217.900623","     210.448691","    5464.198458"
"NEVADA","Residential","     437.396740","     493.909332","     480.961310","     446.005889","     445.544035","     470.166235","     432.662221","     405.497354","     407.357304","     423.092581","     426.072924","     426.102500","     424.986940","     424.131971","     421.006502","     413.753090","     411.515207","     397.475401","     398.177743","     378.559416","     379.084510","     363.365657","     378.253239","    9685.078101"
"NEVADA","Total","     697.188838","     748.322890","     729.253761","     708.958422","     714.072195","     741.021633","     659.396729","     626.495136","     633.754043","     658.196425","     660.776911","     658.407976","     654.807115","     659.579740","     666.875190","     654.655581","     649.085696","     626.592861","     624.831778","     595.023422","     612.012007","     581.266280","     588.701930","   15149.276559"
"ORANGE","Non-Residential","   12413.599429","   11853.513341","   11912.892416","   12837.672022","   13140.267160","   13304.220525","   13515.591065","   13817.543909","   13692.811964","   13420.069408","   13303.702545","   13225.445254","   13153.675575","   13754.763192","   14392.746298","   14254.957776","   14470.474485","   13967.397532","   13785.838172","   13337.022894","   12998.245036","   12108.068458","   13728.246455","  306388.764911"
"ORANGE","Residential","    7830.122428","    7360.151076","    7778.266791","    6981.257680","    6853.190877","    6822.791021","    6718.606580","    6907.047858","    7039.246647","    6839.710900","    7068.867388","    6694.089038","    6610.335912","    6916.409459","    7138.935234","    6868.428335","    6851.673513","    6717.512324","    6612.052543","    6374.691670","    5989.097849","    5575.807012","    6362.084768","  156910.376903"
"ORANGE","Total","   20243.721856","   19213.664417","   19691.159206","   19818.929702","   19993.458037","   20127.011546","   20234.197645","   20724.591766","   20732.058612","   20259.780308","   20372.569933","   19919.534292","   19764.011487","   20671.172650","   21531.681533","   21123.386110","   21322.147997","   20684.909856","   20397.890715","   19711.714564","   18987.342885","   17683.875470","   20090.331224","  463299.141811"
"PLACER","Non-Residential","    1458.116082","    1437.974192","    1393.799847","    1467.021155","    1498.225466","    1506.632275","    1539.292174","    1531.587951","    1546.273590","    1513.471112","    1525.913650","    1540.245121","    1548.311333","    1581.946788","    1657.030894","    1676.382855","    1499.888690","    1432.050456","    1496.078925","    1411.992669","    1381.298802","    1296.365383","    1376.448374","   34316.347784"
"PLACER","Residential","    1630.508325","    1595.175139","    1598.877143","    1446.878457","    1407.548116","    1463.242998","    1398.736149","    1363.292650","    1370.671232","    1367.407051","    1386.148287","    1353.387658","    1336.586432","    1369.591386","    1362.326158","    1327.737239","    1334.915440","    1262.951958","    1215.503378","    1145.191244","    1055.026730","     979.273700","     976.114008","   30747.090878"
"PLACER","Total","    3088.624407","    3033.149332","    2992.676990","    2913.899612","    2905.773582","    2969.875273","    2938.028323","    2894.880602","    2916.944823","    2880.878163","    2912.061937","    2893.632779","    2884.897765","    2951.538174","    3019.357052","    3004.120093","    2834.804130","    2695.002414","    2711.582302","    2557.183912","    2436.325531","    2275.639084","    2352.562383","   65063.438663"
"PLUMAS","Non-Residential","     100.512709","     110.417595","     115.740778","     115.807033","     112.628920","     103.190555","     106.225266","     103.070610","     102.343580","     110.609622","     126.465434","     117.909557","      97.813564","      98.988679","     114.148865","     112.364970","     120.319907","      91.418440","      92.954336","      99.285165","     122.358360","      93.942997","     109.121884","    2477.638826"
"PLUMAS","Residential","      99.795835","      99.775091","     100.259212","      94.506227","      93.047963","      98.420297","      96.620509","      90.996176","      98.212213","     101.247843","      97.640383","     101.367825","     102.029465","     103.299584","     103.620604","     103.562824","     103.450845","     102.505109","     101.278515","      96.153309","      96.899859","      92.753466","      92.930694","    2270.373848"
"PLUMAS","Total","     200.308544","     210.192686","     215.999990","     210.313260","     205.676883","     201.610852","     202.845775","     194.066786","     200.555793","     211.857465","     224.105817","     219.277383","     199.843028","     202.288264","     217.769469","     215.927795","     223.770752","     193.923549","     194.232851","     195.438474","     219.258219","     186.696463","     202.052578","    4748.012676"
"RIVERSIDE","Non-Residential","    8720.016764","    8389.538460","    7934.638383","    8085.191661","    8171.189819","    8157.182763","    8164.868098","    8100.383540","    8702.441246","    8471.018008","    8532.856660","    7772.579837","    7660.249050","    7837.396990","    8285.818097","    8251.077578","    8280.728479","    7839.403630","    7674.079514","    7284.225452","    6671.486246","    5734.913548","    6715.225913","  181436.509736"
"RIVERSIDE","Residential","    9060.556508","    8610.772069","    8844.552883","    7678.103798","    7643.105779","    7633.771197","    7171.032032","    7076.846074","    6770.338705","    6603.978912","    6675.007152","    6579.060398","    6337.176264","    6606.786959","    6772.664092","    6683.000356","    6902.634736","    5392.197944","    5018.870525","    5469.061636","    4832.840570","    4682.541278","    4908.392032","  153953.291899"
"RIVERSIDE","Total","   17780.573271","   17000.310529","   16779.191266","   15763.295459","   15814.295598","   15790.953961","   15335.900130","   15177.229615","   15472.779951","   15074.996919","   15207.863812","   14351.640235","   13997.425315","   14444.183948","   15058.482188","   14934.077934","   15183.363215","   13231.601574","   12692.950039","   12753.287087","   11504.326815","   10417.454826","   11623.617945","  335389.801632"
"SACRAMENTO","Non-Residential","    6277.272312","    6207.679065","    5907.905558","    6214.951203","    6209.838355","    6231.306291","    6034.556975","    6173.463852","    6242.654996","    6110.299094","    6103.081900","    6091.787991","    6179.000717","    6260.059740","    6391.040491","    6417.080853","    6238.386571","    6133.021491","    5916.885984","    5662.606087","    5461.094277","    5517.053512","    5593.337741","  139574.365056"
"SACRAMENTO","Residential","    5132.808312","    5050.957802","    5140.373465","    4696.814859","    4705.823910","    5152.318519","    4779.222387","    4722.169209","    4719.432126","    4679.896128","    4678.508016","    4628.597474","    4523.009215","    4725.395112","    4710.259563","    4650.150306","    4761.481143","    4575.788431","    4422.652058","    4378.942306","    4103.017070","    4034.798580","    4141.012395","  107113.428386"
"SACRAMENTO","Total","   11410.080625","   11258.636867","   11048.279022","   10911.766063","   10915.662266","   11383.624810","   10813.779362","   10895.633061","   10962.087123","   10790.195221","   10781.589916","   10720.385465","   10702.009933","   10985.454852","   11101.300054","   11067.231159","   10999.867714","   10708.809922","   10339.538042","   10041.548393","    9564.111347","    9551.852092","    9734.350136","  246687.793445"
"SAN BENITO","Non-Residential","     248.712461","     244.209047","     234.623740","     241.357256","     255.185968","     254.564901","     262.381106","     249.282830","     240.403744","     237.902492","     214.971768","     199.153036","     191.976362","     198.598724","     198.343987","     203.516642","     199.086680","     189.055341","     194.502215","     184.112811","     204.788273","     211.088498","     181.392988","    5039.210870"
"SAN BENITO","Residential","     150.131121","     142.137978","     144.833394","     129.679866","     123.724918","     123.385181","     118.813600","     118.002713","     115.663778","     119.822746","     117.979513","     116.334161","     116.641171","     117.414629","     117.511799","     119.248949","     118.459171","     115.985414","     117.395856","     114.334110","     111.073441","     105.789143","     109.680197","    2784.042849"
"SAN BENITO","Total","     398.843582","     386.347025","     379.457134","     371.037122","     378.910886","     377.950082","     381.194706","     367.285542","     356.067522","     357.725238","     332.951281","     315.487198","     308.617532","     316.013353","     315.855785","     322.765591","     317.545851","     305.040755","     311.898070","     298.446920","     315.861713","     316.877641","     291.073185","    7823.253714"
"SAN BERNARDINO","Non-Residential","   10327.755820","   10137.255897","    9797.575011","    9926.183260","   10158.958013","   10068.393502","    9935.333655","    9753.892696","    9924.611709","    9627.037642","    9534.652774","    8973.855710","    8845.375603","    8950.400105","    9874.365745","   10001.653848","    9639.692554","    9463.292412","    9281.295320","    8897.174748","    8827.110108","    7447.941273","    8901.546372","  218295.353777"
"SAN BERNARDINO","Residential","    6301.858375","    6031.580795","    6112.195914","    5332.807265","    5166.839880","    5168.269909","    4966.459776","    4930.998541","    4755.800291","    4688.303010","    4773.309168","    4717.822006","    4600.985258","    4797.299633","    4913.811803","    4785.955418","    4977.804448","    5242.224903","    5044.687569","    4251.133125","    3817.763170","    3717.438413","    3950.487977","  113045.836647"
"SAN BERNARDINO","Total","   16629.614195","   16168.836692","   15909.770925","   15258.990525","   15325.797893","   15236.663411","   14901.793431","   14684.891237","   14680.412000","   14315.340652","   14307.961941","   13691.677716","   13446.360861","   13747.699739","   14788.177548","   14787.609265","   14617.497001","   14705.517316","   14325.982889","   13148.307872","   12644.873278","   11165.379687","   12852.034349","  331341.190423"
"SAN DIEGO","Non-Residential","   12802.545160","   12353.416157","   11722.882508","   12453.450012","   12793.962295","   12608.982609","   12808.962889","   12883.382536","   12903.058095","   12640.537766","   12478.860246","   12263.675618","   12337.887255","   12616.066215","   12911.135965","   12701.044111","   12559.810623","   12001.514693","   12017.993290","   11435.346832","   11083.705409","   10838.441898","   12068.450830","  283285.113012"
"SAN DIEGO","Residential","    7440.356338","    7132.119555","    7398.513420","    6587.433246","    6719.539029","    6751.626817","    6687.843603","    6835.100866","    6833.124196","    6782.711051","    6891.398408","    6692.379725","    6628.546666","    6792.151366","    6917.552971","    6752.155162","    6718.482671","    6328.222467","    6331.299612","    6043.546842","    5677.922852","    5494.546706","    5853.188395","  152289.761964"
"SAN DIEGO","Total","   20242.901498","   19485.535712","   19121.395927","   19040.883258","   19513.501324","   19360.609426","   19496.806491","   19718.483401","   19736.182291","   19423.248817","   19370.258654","   18956.055343","   18966.433921","   19408.217580","   19828.688935","   19453.199272","   19278.293294","   18329.737160","   18349.292902","   17478.893674","   16761.628261","   16332.988604","   17921.639225","  435574.874970"
"SAN FRANCISCO","Non-Residential","    3605.703411","    3442.453431","    3466.340342","    4153.449659","    4174.173902","    4249.488076","    4291.657425","    4354.083259","    4390.210193","    4370.067167","    4347.535935","    4362.646692","    4222.399149","    4143.038183","    4227.384315","    4140.270978","    3826.947453","    3911.564555","    3686.003253","    3615.177323","    3687.770143","    3660.861684","    3867.522578","   92196.749106"
"SAN FRANCISCO","Residential","    1514.882206","    1547.697139","    1565.691020","    1477.894930","    1452.458022","    1470.656485","    1455.425945","    1431.468469","    1437.825958","    1502.480075","    1512.173693","    1524.371152","    1518.165568","    1501.412074","    1484.360703","    1467.471338","    1491.039004","    1444.378889","    1381.184915","    1363.715748","    1365.733319","    1345.605140","    1414.770120","   33670.861912"
"SAN FRANCISCO","Total","    5120.585617","    4990.150570","    5032.031362","    5631.344589","    5626.631924","    5720.144562","    5747.083369","    5785.551728","    5828.036150","    5872.547242","    5859.709628","    5887.017844","    5740.564717","    5644.450257","    5711.745018","    5607.742317","    5317.986457","    5355.943444","    5067.188168","    4978.893071","    5053.503462","    5006.466824","    5282.292698","  125867.611018"
"SAN JOAQUIN","Non-Residential","    3680.678009","    3443.134121","    3576.846695","    3695.335936","    3809.631910","    3754.001342","    3682.738901","    3404.482176","    3453.172008","    3791.431028","    3583.865385","    3547.012791","    3501.448830","    3582.983519","    3601.066532","    3740.002959","    4057.454074","    4075.680137","    3766.078706","    3334.659445","    3730.531070","    3688.765079","    3705.511869","   84206.512522"
"SAN JOAQUIN","Residential","    2090.602041","    2079.008072","    2098.085754","    1853.982640","    1806.790014","    1860.334346","    1752.756823","    1740.564559","    1762.179500","    1738.216317","    1751.866040","    1706.812373","    1683.769270","    1726.127082","    1706.381743","    1700.575470","    1715.333017","    1651.854559","    1631.609847","    1575.083561","    1474.046734","    1410.461687","    1461.393055","   39977.834504"
"SAN JOAQUIN","Total","    5771.280050","    5522.142193","    5674.932449","    5549.318577","    5616.421924","    5614.335689","    5435.495723","    5145.046735","    5215.351507","    5529.647345","    5335.731424","    5253.825163","    5185.218099","    5309.110601","    5307.448275","    5440.578429","    5772.787091","    5727.534697","    5397.688554","    4909.743006","    5204.577804","    5099.226766","    5166.904923","  124184.347024"
"SAN LUIS OBISPO","Non-Residential","    1035.849723","    1012.406689","     989.500196","    1062.486643","    1116.543303","    1111.739046","    1093.812606","    1069.261380","    1083.930892","    1090.270659","    1049.640467","    1017.143940","     999.213128","    1023.532145","    1053.051468","    1081.142490","     907.866898","     919.418046","     948.527611","     926.231289","     921.316703","     858.616927","     824.821918","   23196.324167"
"SAN LUIS OBISPO","Residential","     693.630574","     669.753689","     682.177547","     634.883144","     639.515411","     648.086605","     633.314302","     631.444914","     629.976098","     659.505762","     664.359012","     655.565457","     656.596407","     667.990072","     673.005960","     671.502715","     682.400950","     651.182676","     636.833803","     624.871550","     542.056328","     625.813944","     599.986775","   14874.453695"
"SAN LUIS OBISPO","Total","    1729.480297","    1682.160378","    1671.677742","    1697.369787","    1756.058714","    1759.825651","    1727.126908","    1700.706294","    1713.906989","    1749.776421","    1713.999479","    1672.709396","    1655.809535","    1691.522216","    1726.057428","    1752.645205","    1590.267847","    1570.600721","    1585.361414","    1551.102840","    1463.373031","    1484.430871","    1424.808693","   38070.777857"
"SAN MATEO","Non-Residential","    2580.775624","    2500.230182","    2504.236151","    2792.667177","    2737.196397","    2824.088084","    2833.345631","    2917.375256","    2935.834875","    2943.964578","    2913.646551","    2959.934381","    3148.392997","    3355.306761","    3461.951606","    3405.481569","    3072.036970","    2974.594465","    3216.068320","    3098.555751","    2701.603461","    2754.706862","    3222.079990","   67854.073639"
"SAN MATEO","Residential","    1596.585910","    1592.819871","    1648.610238","    1533.454505","    1505.593747","    1519.143421","    1496.344545","    1503.194224","    1503.605519","    1571.089402","    1583.712234","    1603.043353","    1615.935908","    1613.238657","    1612.021886","    1592.800808","    1597.202515","    1568.176660","    1545.596775","    1514.099828","    1513.294060","    1475.192303","    1586.711286","   35891.467655"
"SAN MATEO","Total","    4177.361534","    4093.050053","    4152.846389","    4326.121682","    4242.790144","    4343.231505","    4329.690176","    4420.569480","    4439.440394","    4515.053980","    4497.358784","    4562.977734","    4764.328905","    4968.545418","    5073.973492","    4998.282377","    4669.239486","    4542.771125","    4761.665095","    4612.655579","    4214.897521","    4229.899165","    4808.791275","  103745.541293"
"SANTA BARBARA","Non-Residential","    1974.153823","    1931.892635","    1903.356487","    1983.993379","    2063.609082","    2035.731334","    2099.639015","    2346.700950","    2606.379192","    2541.954941","    2422.105665","    2436.026738","    2426.691923","    2425.310408","    2445.870709","    2363.502817","    2412.497698","    2433.323262","    2375.952646","    2221.948050","    2279.203432","    2006.912825","    2092.656755","   51829.413766"
"SANTA BARBARA","Residential","     829.970809","     812.866031","     837.610556","     787.770873","     757.966575","     765.008331","     758.712518","     765.618397","     805.379485","     832.415274","     837.809294","     800.656777","     801.613108","     809.260578","     815.847493","     813.870049","     773.210836","     807.202527","     789.705663","     772.948398","     742.542667","     736.789681","     773.080792","   18227.856712"
"SANTA BARBARA","Total","    2804.124632","    2744.758666","    2740.967042","    2771.764252","    2821.575657","    2800.739664","    2858.351534","    3112.319347","    3411.758677","    3374.370215","    3259.914959","    3236.683516","    3228.305031","    3234.570986","    3261.718202","    3177.372866","    3185.708535","    3240.525789","    3165.658308","    2994.896448","    3021.746099","    2743.702506","    2865.737547","   70057.270478"
"SANTA CLARA","Non-Residential","   12851.823410","   12275.989594","   11985.053073","   12685.661349","   12799.981080","   13046.071035","   13028.134030","   12957.915913","   12820.935566","   12650.044962","   12599.563423","   12612.754877","   12330.737652","   12578.718752","   12764.976753","   12546.958442","   11950.854622","   11670.460144","   11579.963220","   11318.491607","   10891.866553","   11764.344067","   12795.145722","  284506.445846"
"SANTA CLARA","Residential","    4249.975616","    4131.994279","    4382.839037","    3969.729017","    3843.226971","    3951.054809","    3797.024337","    3845.600355","    3841.433115","    3910.944151","    3884.065332","    3921.736170","    3921.376461","    3967.941101","    3953.809830","    3899.404078","    4091.214022","    3884.886840","    3777.351281","    3856.618975","    3631.752794","    3632.570304","    3816.329086","   90162.877961"
"SANTA CLARA","Total","   17101.799026","   16407.983873","   16367.892110","   16655.390366","   16643.208051","   16997.125845","   16825.158366","   16803.516268","   16662.368681","   16560.989113","   16483.628755","   16534.491047","   16252.114114","   16546.659852","   16718.786583","   16446.362520","   16042.068644","   15555.346984","   15357.314501","   15175.110581","   14523.619347","   15396.914371","   16611.474809","  374669.323807"
"SANTA CRUZ","Non-Residential","     626.322133","     582.868529","     605.951888","     651.950584","     664.268460","     664.443913","     665.171143","     680.164345","     678.870133","     679.803005","     664.415145","     655.692062","     662.923639","     680.720505","     772.063157","     823.796070","     867.030630","     836.029257","     897.870530","     819.365152","     870.314311","     922.160131","     939.241672","   16911.436394"
"SANTA CRUZ","Residential","     550.852974","     555.855669","     567.366660","     541.675227","     542.379700","     552.085230","     555.469982","     550.919481","     558.359558","     595.546246","     600.717368","     604.050524","     604.479794","     595.837012","     586.726170","     585.617026","     568.066802","     563.976657","     570.875227","     544.622983","     542.888222","     545.851588","     599.390590","   13083.610690"
"SANTA CRUZ","Total","    1177.175107","    1138.724198","    1173.318547","    1193.625810","    1206.648160","    1216.529143","    1220.641125","    1231.083826","    1237.229691","    1275.349251","    1265.132513","    1259.742586","    1267.403432","    1276.557517","    1358.789327","    1409.413096","    1435.097432","    1400.005914","    1468.745757","    1363.988135","    1413.202532","    1468.011719","    1538.632262","   29995.047080"
"SHASTA","Non-Residential","     828.748214","     834.910055","     804.364569","     800.624165","     823.320555","     814.171376","     818.347168","     839.567195","     817.450264","     797.815834","     785.072892","     774.854182","     778.030480","     810.307846","     851.669871","     875.997122","     866.486025","     865.828659","    1011.866970","     956.729297","     945.223080","     883.951254","     911.185253","   19496.522326"
"SHASTA","Residential","     788.712327","     818.629923","     769.989999","     728.996555","     741.375917","     758.151765","     734.110522","     719.558490","     724.296348","     747.916717","     747.845868","     746.234274","     746.223163","     756.624819","     752.490905","     741.030077","     743.374551","     710.060206","     712.930437","     689.571875","     668.142625","     639.896141","     653.242309","   16839.405813"
"SHASTA","Total","    1617.460541","    1653.539978","    1574.354568","    1529.620720","    1564.696471","    1572.323141","    1552.457689","    1559.125685","    1541.746612","    1545.732552","    1532.918760","    1521.088455","    1524.253643","    1566.932665","    1604.160776","    1617.027198","    1609.860576","    1575.888865","    1724.797407","    1646.301172","    1613.365705","    1523.847395","    1564.427563","   36335.928137"
"SIERRA","Non-Residential","       9.206230","       8.907173","       8.834750","       9.212758","       7.851269","       8.253800","      10.145077","       9.666619","      10.399283","       9.625740","       9.374732","       9.363421","       9.330988","      10.039351","      10.599838","      11.467064","       9.007381","       9.900346","       9.507515","      19.922779","      17.390710","      20.715837","       8.115739","     246.838400"
"SIERRA","Residential","      13.701705","      13.920609","      13.434601","      12.794655","      13.267286","      13.668834","      15.814071","      14.485732","      13.305385","      13.932695","      14.224756","      14.057830","      14.378506","      14.395892","      14.503926","      16.767126","      14.853867","      15.222934","      15.111210","      15.062219","      14.777604","      14.826266","      14.627973","     331.135682"
"SIERRA","Total","      22.907935","      22.827782","      22.269352","      22.007413","      21.118555","      21.922634","      25.959148","      24.152352","      23.704668","      23.558435","      23.599488","      23.421251","      23.709494","      24.435243","      25.103763","      28.234191","      23.861248","      25.123280","      24.618725","      34.984998","      32.168313","      35.542103","      22.743712","     577.974083"
"SISKIYOU","Non-Residential","     286.557990","     290.792952","     283.477407","     267.685765","     273.531041","     273.862647","     272.412934","     273.880630","     270.023195","     267.938657","     257.995305","     264.460649","     264.818556","     277.434253","     295.002907","     319.515191","     277.654417","     274.415537","     288.834101","     278.406037","     283.868949","     270.149297","     234.304880","    6347.023297"
"SISKIYOU","Residential","     247.703827","     245.712731","     235.652552","     227.048984","     222.112667","     234.997130","     220.425106","     220.689816","     215.488624","     232.557344","     228.174863","     235.516805","     236.689932","     240.153648","     246.870275","     243.952201","     236.556444","     235.507327","     229.832591","     231.002341","     218.073801","     212.441406","     222.355802","    5319.516217"
"SISKIYOU","Total","     534.261817","     536.505683","     519.129959","     494.734749","     495.643708","     508.859777","     492.838040","     494.570446","     485.511819","     500.496002","     486.170167","     499.977454","     501.508488","     517.587901","     541.873181","     563.467392","     514.210861","     509.922864","     518.666692","     509.408379","     501.942750","     482.590703","     456.660683","   11666.539515"
"SOLANO","Non-Residential","    2105.817055","    2091.946065","    2105.850400","    2151.891504","    2222.735561","    2122.713322","    2170.841912","    2184.834327","    2191.359932","    2190.884620","    2156.604422","    2094.829952","    2047.889878","    2142.090528","    2136.084738","    2318.345897","    2102.634350","    2110.479797","    2059.297919","    1967.644373","    1948.541421","    1909.086770","    2063.996231","   48596.400974"
"SOLANO","Residential","    1149.581679","    1138.432927","    1182.335882","    1054.876009","    1025.398276","    1066.547827","    1013.314924","    1010.459508","    1006.732198","    1019.922572","    1019.496309","    1012.792322","    1002.965995","    1020.946158","    1029.896529","    1011.891822","    1052.923794","     999.936654","     989.437654","     990.749264","     908.850714","     877.683849","     939.747367","   23524.920233"
"SOLANO","Total","    3255.398734","    3230.378992","    3288.186282","    3206.767513","    3248.133837","    3189.261148","    3184.156836","    3195.293835","    3198.092131","    3210.807192","    3176.100731","    3107.622274","    3050.855874","    3163.036685","    3165.981267","    3330.237719","    3155.558143","    3110.416451","    3048.735573","    2958.393637","    2857.392135","    2786.770619","    3003.743597","   72121.321205"
"SONOMA","Non-Residential","    1569.548056","    1540.620958","    1518.442765","    1611.762003","    1667.870271","    1689.190542","    1654.010220","    1658.502373","    1655.220790","    1617.948451","    1565.408883","    1527.524571","    1528.100286","    1530.045494","    1637.089752","    1643.688856","    1562.792993","    1517.712787","    1635.833917","    1566.145783","    1615.726483","    1517.867783","    1652.220599","   36683.274616"
"SONOMA","Residential","    1310.771288","    1293.561696","    1333.896817","    1262.157773","    1244.441584","    1316.804284","    1293.240837","    1275.567697","    1282.873134","    1344.377089","    1353.236745","    1358.318452","    1345.426925","    1320.485529","    1303.702774","    1272.724780","    1299.511049","    1230.002315","    1225.960748","    1187.293174","    1152.612034","    1117.004452","    1199.610148","   29323.581324"
"SONOMA","Total","    2880.319344","    2834.182654","    2852.339582","    2873.919776","    2912.311855","    3005.994826","    2947.251057","    2934.070071","    2938.093923","    2962.325540","    2918.645627","    2885.843023","    2873.527211","    2850.531023","    2940.792526","    2916.413636","    2862.304041","    2747.715102","    2861.794666","    2753.438957","    2768.338517","    2634.872235","    2851.830747","   66006.855939"
"STANISLAUS","Non-Residential","    3219.388832","    3142.712691","    3038.671692","    2964.288812","    3007.461600","    3033.238488","    3045.655620","    3063.906915","    3045.138698","    3001.597751","    2981.824294","    2827.184710","    2808.736085","    2870.110854","    2990.030989","    3002.676044","    3048.080611","    2990.705458","    2891.071499","    2898.100102","    2860.869087","    2711.444961","    2801.876758","   68244.772551"
"STANISLAUS","Residential","    2025.818860","    2043.530851","    2006.458874","    1790.797984","    1795.856089","    1836.851960","    1717.313016","    1703.181613","    1724.282587","    1703.487419","    1702.323763","    1671.435124","    1639.714239","    1723.665479","    1717.681171","    1685.379996","    1739.534615","    1659.235355","    1625.588988","    1615.490153","    1509.801060","    1433.925266","    1451.731795","   39523.086257"
"STANISLAUS","Total","    5245.207692","    5186.243542","    5045.130567","    4755.086796","    4803.317689","    4870.090447","    4762.968636","    4767.088528","    4769.421285","    4705.085170","    4684.148057","    4498.619833","    4448.450324","    4593.776333","    4707.712160","    4688.056040","    4787.615226","    4649.940813","    4516.660488","    4513.590255","    4370.670147","    4145.370226","    4253.608554","  107767.858808"
"SUTTER","Non-Residential","     353.695295","     375.691821","     359.568859","     353.256746","     358.539388","     354.333515","     356.712145","     372.985007","     371.202276","     371.824423","     355.726449","     341.120630","     334.129291","     348.477576","     351.389810","     347.192774","     351.127124","     309.851389","     310.316240","     296.318855","     310.088827","     302.551386","     307.699577","    7893.799403"
"SUTTER","Residential","     307.963009","     310.853983","     310.261028","     280.273025","     275.004677","     288.427283","     271.785624","     272.439662","     276.294877","     274.871974","     279.037550","     271.238682","     265.392250","     276.723921","     277.220548","     273.719333","     275.712369","     258.963489","     253.920814","     245.301804","     228.447016","     218.281705","     232.958914","    6225.093537"
"SUTTER","Total","     661.658305","     686.545803","     669.829888","     633.529771","     633.544066","     642.760797","     628.497769","     645.424668","     647.497153","     646.696397","     634.763999","     612.359312","     599.521541","     625.201497","     628.610357","     620.912107","     626.839493","     568.814879","     564.237055","     541.620660","     538.535843","     520.833091","     540.658491","   14118.892942"
"TEHAMA","Non-Residential","     274.707338","     272.525836","     261.082592","     270.180574","     275.515378","     270.047463","     268.027819","     267.626491","     261.318932","     269.333137","     266.785923","     258.799490","     252.362148","     263.819722","     274.871349","     278.074746","     249.306503","     238.193037","     246.625792","     242.357690","     205.578677","     302.241154","     287.812742","    6057.194533"
"TEHAMA","Residential","     256.077708","     266.867399","     263.092513","     237.864304","     230.949014","     239.546503","     229.314462","     229.353815","     231.107156","     237.410612","     238.833487","     233.851286","     233.270198","     237.940564","     234.055685","     230.477312","     227.446137","     214.065726","     216.057770","     202.299962","     198.326012","     189.921759","     200.151209","    5278.280593"
"TEHAMA","Total","     530.785045","     539.393235","     524.175105","     508.044878","     506.464392","     509.593967","     497.342281","     496.980306","     492.426088","     506.743749","     505.619410","     492.650776","     485.632347","     501.760286","     508.927034","     508.552058","     476.752639","     452.258764","     462.683561","     444.657652","     403.904689","     492.162913","     487.963951","   11335.475126"
"TRINITY","Non-Residential","     140.399194","     147.964089","     139.044118","     125.405784","     120.411967","     125.816034","     117.730556","     101.051829","     107.412887","     108.320334","     100.586127","     109.583381","      77.454181","      83.031267","       2.423341","       1.991885","      62.783185","      63.824159","       6.957762","      15.714568","      15.087174","       2.208223","       2.480198","    1777.682243"
"TRINITY","Residential","       9.243758","      10.663970","      10.570175","       9.505056","      10.056067","      11.459766","      10.827530","      10.098415","      10.268512","      11.062227","      11.338253","      11.472632","      11.181992","      10.583573","       9.961907","       9.410691","       8.548158","       8.258186","       8.393712","       7.839351","       7.947779","       7.554643","       7.868440","     224.114793"
"TRINITY","Total","     149.642952","     158.628059","     149.614292","     134.910840","     130.468034","     137.275801","     128.558085","     111.150244","     117.681399","     119.382561","     111.924380","     121.056013","      88.636173","      93.614840","      12.385247","      11.402576","      71.331344","      72.082345","      15.351474","      23.553919","      23.034953","       9.762866","      10.348639","    2001.797036"
"TULARE","Non-Residential","    3410.446900","    3410.544461","    3121.811880","    2887.990485","    3143.598509","    2929.918101","    3086.456100","    3197.123355","    3202.555194","    3047.267662","    2914.584268","    2536.218652","    2622.628097","    2735.451915","    2713.467593","    2610.677138","    2456.123237","    2264.404705","    2282.275797","    2240.334521","    2532.658766","    2372.988112","    2383.457810","   64102.983258"
"TULARE","Residential","    1547.249354","    1515.995445","    1483.017898","    1325.206156","    1259.537455","    1280.389753","    1219.549939","    1218.791097","    1223.413147","    1208.033889","    1182.933171","    1162.854160","    1139.757563","    1188.015432","    1161.982684","    1117.651228","    1191.764416","    1085.383239","    1046.741810","    1038.024243","     941.872575","     923.796737","     961.793645","   27423.755036"
"TULARE","Total","    4957.696254","    4926.539906","    4604.829778","    4213.196641","    4403.135964","    4210.307855","    4306.006039","    4415.914452","    4425.968342","    4255.301551","    4097.517440","    3699.072812","    3762.385660","    3923.467347","    3875.450276","    3728.328365","    3647.887653","    3349.787944","    3329.017608","    3278.358764","    3474.531341","    3296.784849","    3345.251455","   91526.738296"
"TUOLUMNE","Non-Residential","     223.432232","     255.674089","     233.374354","     240.801192","     244.681699","     243.388796","     238.125457","     235.019251","     233.877097","     240.628269","     233.339274","     224.874307","    1238.502362","    1192.262272","     496.131773","     632.949307","     880.830802","     261.285982","     222.674649","     205.366731","     218.972553","     217.069701","     247.168320","    8660.430469"
"TUOLUMNE","Residential","     226.391805","     227.530478","     224.499760","     209.949355","     207.799896","     216.624737","     209.039303","     206.429732","     206.181955","     219.941822","     220.522918","     220.683458","     223.044058","     224.534415","     224.816506","     223.205406","     219.319235","     213.715799","     217.992551","     207.069329","     208.126117","     200.323830","     207.414223","    4965.156688"
"TUOLUMNE","Total","     449.824037","     483.204566","     457.874114","     450.750547","     452.481595","     460.013533","     447.164761","     441.448984","     440.059053","     460.570091","     453.862191","     445.557765","    1461.546420","    1416.796687","     720.948279","     856.154713","    1100.150038","     475.001781","     440.667200","     412.436061","     427.098670","     417.393531","     454.582543","   13625.587160"
"VENTURA","Non-Residential","    3521.550941","    3412.225847","    3430.670290","    3595.609101","    3650.758875","    3678.668579","    3676.560015","    3774.932229","    3579.750430","    3494.308763","    3600.342941","    3666.992569","    3659.803691","    3730.516413","    4026.674728","    3855.799519","    3924.523736","    3864.026447","    3834.003220","    3647.503814","    3996.104183","    3631.516225","    4219.830308","   85472.672864"
"VENTURA","Residential","    2037.361938","    1946.532035","    2023.910136","    1858.919972","    1790.987492","    1826.597382","    1777.307990","    1816.564824","    1904.414967","    1900.922223","    1918.984730","    1801.014179","    1789.017628","    1855.272085","    1891.289491","    1840.986256","    1765.074400","    1785.660963","    1743.686983","    1692.319884","    1582.536630","    1533.142622","    1652.825591","   41735.330401"
"VENTURA","Total","    5558.912878","    5358.757881","    5454.580426","    5454.529073","    5441.746367","    5505.265961","    5453.868005","    5591.497053","    5484.165397","    5395.230985","    5519.327671","    5468.006747","    5448.821319","    5585.788499","    5917.964219","    5696.785775","    5689.598136","    5649.687410","    5577.690202","    5339.823698","    5578.640813","    5164.658848","    5872.655899","  127208.003262"
"YOLO","Non-Residential","    1206.202014","    1208.570273","    1177.628621","    1177.624157","    1176.056765","    1177.655538","    1166.856286","    1185.261076","    1226.640061","    1188.271591","    1156.454160","    1145.751133","    1102.207776","    1163.063306","    1110.596147","    1129.637166","    1200.306993","    1204.742584","    1052.049229","     946.492550","    1077.014872","     935.803159","    1013.242930","   26128.128387"
"YOLO","Residential","     590.727914","     571.322335","     585.967146","     528.223992","     513.149019","     536.842837","     507.589788","     505.262945","     507.063399","     510.207219","     513.187648","     500.031237","     494.208617","     514.488136","     507.987377","     498.365685","     511.743671","     492.420607","     473.840875","     473.464032","     437.401476","     416.862449","     444.358607","   11634.717011"
"YOLO","Total","    1796.929928","    1779.892608","    1763.595767","    1705.848150","    1689.205784","    1714.498376","    1674.446074","    1690.524021","    1733.703460","    1698.478810","    1669.641808","    1645.782370","    1596.416393","    1677.551442","    1618.583524","    1628.002851","    1712.050664","    1697.163191","    1525.890104","    1419.956582","    1514.416348","    1352.665608","    1457.601537","   37762.845400"
"YUBA","Non-Residential","     313.996408","     316.678932","     315.350738","     287.187893","     284.894426","     276.748551","     267.475360","     268.799767","     273.736879","     276.769137","     265.942074","     262.477167","     261.488111","     307.009550","     263.236381","     276.506093","     339.464175","     334.822025","     290.965118","     206.742143","     457.177985","     348.966719","     350.347205","    6846.782837"
"YUBA","Residential","     258.307950","     254.411180","     249.299484","     222.755676","     217.854861","     227.464172","     213.668702","     209.050633","     214.288911","     212.216914","     215.462436","     208.587147","     203.594055","     205.170952","     199.996972","     198.634541","     193.642338","     183.267538","     171.574221","     158.193830","     154.457064","     148.307506","     155.190202","    4675.397285"
"YUBA","Total","     572.304358","     571.090112","     564.650222","     509.943569","     502.749287","     504.212722","     481.144062","     477.850400","     488.025790","     488.986051","     481.404509","     471.064314","     465.082166","     512.180503","     463.233354","     475.140635","     533.106513","     518.089562","     462.539338","     364.935972","     611.635048","     497.274225","     505.537407","   11522.180119"
